rule,ra,rb,rb_max
0,0.0,[0. 0. 0. 0. 0. 0. 0.],0.0
1,0.0010367118348757226,"[0.00133239 0.00190439 0.00165232 0.0010648  0.0010302  0.00112286
 0.00069609]",0.0019043896660084878
2,0.0,[0. 0. 0. 0. 0. 0. 0.],0.0
3,0.0008334399931742012,"[0.00330456 0.00277273 0.00092303 0.00245125 0.00339585 0.00323085
 0.00219592]",0.0033958483055469024
4,0.023025176007117298,"[0.01642685 0.03527668 0.02085475 0.02436495 0.0421072  0.05094348
 0.03638419]",0.05094347941825429
5,0.010837911120705783,"[0.01240839 0.00992032 0.00890871 0.01038925 0.00854493 0.00992032
 0.00629941]",0.012408394495995696
6,0.001270801521850109,"[0.01308478 0.00278638 0.00119781 0.00138064 0.00125998 0.00095198
 0.00080432]",0.0130847786887411
7,0.0009495746750477788,"[0.00162429 0.00134658 0.00109626 0.00095751 0.00079414 0.00074866
 0.00092877]",0.0016242883667663983
8,0.0,[0. 0. 0. 0. 0. 0. 0.],0.0
9,0.0006675208813094082,"[0.00272185 0.00169805 0.00178587 0.00116492 0.00159501 0.00151632
 0.00084504]",0.002721846070545879
10,0.0,"[1.25988158e-06 0.00000000e+00 0.00000000e+00 0.00000000e+00
 0.00000000e+00 0.00000000e+00 0.00000000e+00]",1.2598815766974244e-06
11,0.0010627009613872363,"[0.00164898 0.00439708 0.00291228 0.00210242 0.00181328 0.0014334
 0.00218109]",0.0043970782146098755
12,0.03870933606266968,"[0.03842122 0.02070197 0.04498677 0.03335713 0.01868706 0.01741191
 0.03204659]",0.044986770542121794
13,0.00908513525159001,"[0.0054917  0.00519462 0.00776643 0.00454257 0.01147807 0.00908514
 0.009759  ]",0.011478067422089537
14,0.0002777917456805594,"[0.00098279 0.00076665 0.00076112 0.00033215 0.0004702  0.00038037
 0.00056389]",0.000982786773043812
15,0.00020369990376443932,"[0.00114423 0.00064742 0.00062017 0.00036793 0.0004441  0.00022366
 0.00036651]",0.0011442319112254756
16,0.0,[0. 0. 0. 0. 0. 0. 0.],0.0
17,0.002070739458445202,"[0.00372871 0.00253196 0.00238094 0.00255579 0.00261109 0.00193356
 0.00189238]",0.0037287103604840143
18,0.0,"[0.00072775 0.         0.         0.         0.         0.
 0.        ]",0.0007277471216129081
19,0.0011107240595701006,"[0.00264222 0.00208874 0.00259048 0.00150678 0.0008803  0.00130642
 0.00154673]",0.002642222188847503
20,0.0005469235749402178,"[0.00816568 0.0024126  0.00131165 0.00196865 0.00155139 0.00155677
 0.001196  ]",0.008165675936018005
21,0.0011891560299187335,"[0.00238644 0.0017007  0.00155478 0.00092671 0.00063606 0.00136564
 0.00088387]",0.002386441529684579
22,0.00015196595274485014,"[4.73730551e-04 3.04625714e-04 3.09536263e-04 2.40650573e-04
 1.33832399e-04 1.78013732e-04 9.77119187e-05]",0.00047373055096820433
23,0.00011489816056658823,"[0.00044704 0.0003291  0.00014107 0.00031441 0.00021252 0.00015682
 0.00011146]",0.0004470360945620357
24,0.0,[0. 0. 0. 0. 0. 0. 0.],0.0
25,0.0018106580405152664,"[0.00394354 0.00270033 0.00228494 0.00191801 0.00253826 0.00194686
 0.00234019]",0.003943541636006979
26,0.0,"[0.02364945 0.00835879 0.00178273 0.00276922 0.00014489 0.
 0.        ]",0.023649454774076952
27,0.002191884381726632,"[0.00321106 0.00262959 0.00336937 0.00224991 0.00179287 0.00244287
 0.00122787]",0.0033693659617392412
28,0.00048293086691803563,"[0.00176729 0.00170239 0.00098568 0.00121467 0.00105228 0.00070701
 0.0005533 ]",0.001767286054944159
29,0.0005996983368645353,"[0.00138591 0.00152515 0.00077473 0.00147996 0.00118661 0.00051625
 0.00061577]",0.0015251453222458074
30,0.000727776566096192,"[0.00307737 0.00144371 0.00139163 0.00113221 0.0005484  0.00107513
 0.00086555]",0.003077368490349641
31,0.0009038655961330296,"[0.00184288 0.00174426 0.00110159 0.00173928 0.00091109 0.00116559
 0.00086311]",0.001842882059632187
32,0.0,[0. 0. 0. 0. 0. 0. 0.],0.0
33,0.0026455029227513225,"[0.00215881 0.00244037 0.00299848 0.00203388 0.00290651 0.00242229
 0.00120454]",0.0029984826850756345
34,0.0,[0. 0. 0. 0. 0. 0. 0.],0.0
35,0.0019631117992890915,"[0.00565593 0.00326001 0.00345628 0.00378278 0.00322555 0.00361586
 0.0017126 ]",0.005655930305356298
36,0.013451854182690981,"[0.01976047 0.02407    0.02588129 0.02074027 0.01506599 0.01247219
 0.019518  ]",0.025881291888954685
37,0.005453697013138071,"[0.00796412 0.00736746 0.00463813 0.00710598 0.00726836 0.0035023
 0.00523295]",0.007964115750197256
38,0.011046309805426428,"[0.01377627 0.02345253 0.01949654 0.01537001 0.01151583 0.01109973
 0.01232432]",0.023452531490935766
39,0.0018268009161650234,"[0.00355317 0.0049205  0.00370318 0.00370472 0.00208749 0.00237646
 0.00200399]",0.004920495684154025
40,0.0,[0. 0. 0. 0. 0. 0. 0.],0.0
41,0.0035365212483007362,"[0.00192657 0.0031445  0.00369332 0.00233738 0.00323126 0.00343365
 0.00238299]",0.0036933170018549396
42,0.0,"[0.00086304 0.         0.         0.         0.         0.
 0.        ]",0.0008630418702712342
43,0.002716143098832091,"[0.00384117 0.00568785 0.00342203 0.00283842 0.00307918 0.00283935
 0.00156506]",0.005687854227587577
44,0.01593638145779191,"[0.01259882 0.01195229 0.01881404 0.01759329 0.01817027 0.01368582
 0.01098339]",0.01881404406203655
45,0.012944585005027428,"[0.01285421 0.01296258 0.01388464 0.0102208  0.01133997 0.00637439
 0.01616802]",0.016168022574460154
46,0.00211644618274228,"[0.0087627  0.00578588 0.00521508 0.00779899 0.00800379 0.0058984
 0.00386958]",0.008762695461216954
47,0.001951721665688395,"[0.00206501 0.00242074 0.00153719 0.0019519  0.00248302 0.00169244
 0.00193938]",0.00248302395004714
48,0.0,[0. 0. 0. 0. 0. 0. 0.],0.0
49,0.0033320364143668542,"[0.0054751  0.00359783 0.00223289 0.00327715 0.00172329 0.0018331
 0.00312592]",0.005475102521327573
50,0.0,"[2.75089423e-03 1.25988158e-05 0.00000000e+00 0.00000000e+00
 0.00000000e+00 0.00000000e+00 0.00000000e+00]",0.0027508942269049617
51,0.0012355649051833287,"[0.00376385 0.00230373 0.00460115 0.00132599 0.001851   0.00199587
 0.00220703]",0.004601145992515832
52,0.00830463716321783,"[0.02193013 0.01946705 0.02860165 0.01549554 0.01236531 0.00591594
 0.00995827]",0.028601646445005235
53,0.0017772906078527865,"[0.0038515  0.00321292 0.00249788 0.00228698 0.0020408  0.00197999
 0.00208133]",0.003851498368497598
54,0.003490490255282527,"[0.00741685 0.00454939 0.0060525  0.00501074 0.00372693 0.00238648
 0.00238427]",0.00741685446525215
55,0.001526067672052083,"[0.0019695  0.00421266 0.00238206 0.00279371 0.00275853 0.00125263
 0.00142109]",0.004212656666579463
56,0.0,[0. 0. 0. 0. 0. 0. 0.],0.0
57,0.0015986040537403017,"[0.00178909 0.00392246 0.00362354 0.00545742 0.00387339 0.00382973
 0.00182892]",0.005457423951872918
58,0.0,"[0.06964251 0.0242494  0.00914836 0.00635536 0.00677239 0.00095241
 0.00024542]",0.06964251000646086
59,0.0017920499036418798,"[0.00383293 0.00387059 0.00279341 0.00367072 0.00346642 0.00357851
 0.00289322]",0.0038705916040159857
60,0.005239132213373379,"[0.01172646 0.00619041 0.00997422 0.00923301 0.00501807 0.00692129
 0.00682192]",0.011726458416083165
61,0.0022617288653411305,"[0.00244777 0.00172278 0.00254254 0.00211862 0.00253245 0.00185848
 0.00233275]",0.0025425409113156955
62,0.003365077182539005,"[0.00427692 0.00290419 0.00267278 0.00230953 0.00305652 0.00360636
 0.00229396]",0.004276918672751832
63,0.00131496333463279,"[0.00225393 0.00285437 0.00177144 0.00145876 0.00136969 0.00169955
 0.00217808]",0.002854372029455829
64,0.0,[0. 0. 0. 0. 0. 0. 0.],0.0
65,0.0009422229709490695,"[0.00256396 0.00218421 0.00131758 0.00091168 0.00078835 0.0015993
 0.00071789]",0.002563960230481752
66,0.0,"[1.63784605e-05 6.67737236e-05 0.00000000e+00 0.00000000e+00
 0.00000000e+00 0.00000000e+00 0.00000000e+00]",6.677372356496347e-05
67,0.002401113167771239,"[0.00480573 0.00266073 0.00239634 0.0025258  0.00202313 0.00162057
 0.00238673]",0.0048057345044211774
68,0.010465362369445662,"[0.01038925 0.00796819 0.00563436 0.009759   0.00806718 0.00678467
 0.00503953]",0.010389249632986442
69,0.008164965809277303,"[0.00835711 0.00835711 0.00723747 0.00845154 0.01038925 0.00786796
 0.00723747]",0.01038924963298636
70,0.0006812849670653302,"[0.00074305 0.00125103 0.00088326 0.00124822 0.00080768 0.00061816
 0.00122444]",0.0012510281485927461
71,0.0008276146638055919,"[0.0016883  0.00135505 0.00116344 0.00120131 0.00077276 0.00070297
 0.0009544 ]",0.0016882953739915632
72,0.026427498905736386,"[0.03694698 0.0305505  0.01259882 0.02182179 0.0207785  0.01868706
 0.02981424]",0.03694698045956346
73,0.022198111316770745,"[0.0258326  0.00855673 0.02011227 0.01988538 0.01267631 0.02317944
 0.01433789]",0.025832598945014586
74,0.012826936315351973,"[0.07068287 0.05288668 0.03617349 0.02254555 0.02647849 0.01539635
 0.00943593]",0.07068286621374716
75,0.012755798681384049,"[0.01621352 0.0111079  0.01601083 0.01609011 0.01313997 0.01261458
 0.01680428]",0.016804278225102838
76,0.022074908545712847,"[0.01147807 0.01284832 0.00992032 0.01532712 0.00845154 0.00745356
 0.00776643]",0.015327120894696275
77,0.0075592894601846,"[0.00333333 0.01061595 0.01069045 0.01855921 0.01327368 0.009759
 0.01061595]",0.018559214542766836
78,0.011268723396380102,"[0.00786796 0.00934353 0.00666667 0.00959497 0.0092582  0.00712697
 0.00701472]",0.009594972228385693
79,0.011198072396480744,"[0.01046536 0.01069045 0.0054917  0.0082616  0.00755929 0.01083791
 0.01      ]",0.010837911120705737
80,0.0,[0. 0. 0. 0. 0. 0. 0.],0.0
81,0.0013932740930673892,"[0.00416705 0.00336518 0.00152899 0.00185347 0.00196746 0.00216504
 0.00167103]",0.004167047792093003
82,0.0,"[0.03122337 0.00899396 0.00187804 0.00083394 0.00093323 0.
 0.        ]",0.031223373011611388
83,0.001102820338229513,"[0.00206575 0.0033921  0.00279895 0.00239366 0.00297784 0.00069633
 0.00208805]",0.003392102405612015
84,0.00022480679535565425,"[0.00174775 0.00068378 0.00072459 0.00050193 0.00040424 0.00020409
 0.0002767 ]",0.0017477482111344725
85,0.00034227529994488204,"[0.00064841 0.00058819 0.00039565 0.00047626 0.00026833 0.00020541
 0.00037869]",0.0006484058595742277
86,0.0009301305591920477,"[0.00232311 0.00138217 0.00186509 0.00103596 0.00154819 0.00117781
 0.00059303]",0.002323108891256436
87,0.0012968472147530366,"[0.00283393 0.00207259 0.00103717 0.00075942 0.00136755 0.00084455
 0.00066653]",0.0028339259884366127
88,0.023760905232341582,"[0.05197825 0.06328079 0.03613996 0.03520494 0.0187097  0.040064
 0.01000839]",0.063280788277955
89,0.011004741474502432,"[0.01417283 0.0099691  0.01465788 0.00512818 0.01337369 0.01112014
 0.00842514]",0.014657881622212472
90,0.007282844268204629,"[0.01441079 0.0151621  0.01546757 0.01300594 0.0117957  0.00721899
 0.0103683 ]",0.015467568169539944
91,0.0040079207291847255,"[0.00950686 0.00891758 0.00583449 0.00544888 0.00911213 0.00364628
 0.0043311 ]",0.009506863769412007
92,0.005194624816493195,"[0.00776521 0.0082616  0.00890871 0.00983999 0.00872872 0.00796819
 0.00854493]",0.009839989676081818
93,0.008728715609439558,"[0.01105542 0.00942809 0.00786796 0.00563436 0.01112697 0.0082616
 0.00666667]",0.011126972805283736
94,0.009999999999999802,"[0.01259882 0.01038925 0.01147807 0.01091089 0.00899735 0.0120185
 0.01315355]",0.01315354982565048
95,0.006900655593423433,"[0.01023533 0.00854493 0.00934353 0.01333333 0.00654654 0.00617213
 0.00642416]",0.013333333333333308
96,0.0,[0. 0. 0. 0. 0. 0. 0.],0.0
97,0.0028134650725192664,"[0.00337985 0.00334873 0.00234591 0.00357073 0.00351172 0.00311014
 0.00337664]",0.0035707308842335035
98,0.0,"[0.00060546 0.         0.         0.         0.         0.
 0.        ]",0.0006054619120837635
99,0.0027572953736910116,"[0.00605279 0.00350765 0.0034055  0.00176693 0.002214   0.00138507
 0.00213539]",0.006052785269924047
100,0.009511897312113425,"[0.01140871 0.00654654 0.01091089 0.01333333 0.01623244 0.00563436
 0.01573592]",0.01623243861815174
101,0.008961319081616249,"[0.01118503 0.01619148 0.01352132 0.01224568 0.00885955 0.0092083
 0.01147449]",0.016191476201609985
102,0.005178834366614306,"[0.0070499  0.00857657 0.00901763 0.00627972 0.00927286 0.00485219
 0.0044658 ]",0.009272861666824518
103,0.0016305316106514194,"[0.00445892 0.00310116 0.00169525 0.00154728 0.00231642 0.00182219
 0.00096738]",0.004458920967058746
104,0.02569664297758487,"[0.01573592 0.02211083 0.0213809  0.01333333 0.02253745 0.01126872
 0.02015811]",0.02253744679276044
105,0.003238237811987287,"[0.00943859 0.00717775 0.00373278 0.00646321 0.0063842  0.00358829
 0.0034691 ]",0.009438593939541825
106,0.00828116508941195,"[0.09190301 0.04189401 0.04335036 0.0287113  0.01166306 0.01255528
 0.01345447]",0.09190300976987589
107,0.002062144437846146,"[0.00747222 0.00651805 0.00417559 0.00377822 0.00202811 0.00383432
 0.00214257]",0.007472215837608657
108,0.007735844214711555,"[0.020242   0.01464645 0.01651377 0.01849826 0.01929593 0.02729147
 0.01016922]",0.027291470526376198
109,0.007208202118266198,"[0.01827302 0.01795832 0.01575734 0.026611   0.01629731 0.0105078
 0.01945111]",0.026611003780808818
110,0.0011628884399672405,"[0.00175918 0.00220551 0.00140482 0.00073077 0.00083822 0.0008057
 0.00120489]",0.002205510774804279
111,0.0009586870982656566,"[0.00209493 0.00120735 0.00166405 0.00099713 0.00086162 0.00105163
 0.00052202]",0.0020949307675039892
112,0.0,"[0.00015664 0.         0.         0.         0.         0.
 0.        ]",0.00015663626858081314
113,0.0033539424799376555,"[0.00351491 0.0033007  0.00356309 0.00401649 0.00265392 0.00243511
 0.00342479]",0.0040164884370653105
114,0.0010520011165423492,"[0.04879391 0.02421522 0.02486385 0.00200395 0.00355072 0.00166178
 0.        ]",0.04879391363619553
115,0.0020894941287990898,"[0.00343019 0.00354898 0.00221364 0.00316749 0.00225691 0.00266097
 0.00143902]",0.003548984428845909
116,0.004987727319082692,"[0.00537345 0.00692948 0.00771104 0.00728898 0.00777111 0.006867
 0.00548995]",0.0077711055167447715
117,0.000834404074013394,"[0.00255068 0.00397055 0.00326725 0.00240505 0.00186626 0.00150458
 0.0009458 ]",0.003970546322011357
118,0.0006159017134533993,"[0.00411323 0.00356034 0.00288113 0.00195963 0.00215649 0.00203187
 0.00259704]",0.004113233579094471
119,0.001339300931130451,"[0.00279398 0.00392835 0.00164736 0.00210512 0.00177864 0.00152343
 0.00217493]",0.0039283499504668895
120,0.004306315222281202,"[0.08682604 0.06860815 0.02891482 0.03814456 0.02646026 0.00883643
 0.00469574]",0.08682604245965808
121,0.0016564002851852798,"[0.00532413 0.004633   0.004131   0.00159169 0.00217949 0.00333589
 0.00268407]",0.005324130303820814
122,0.004617818663216312,"[0.01284311 0.01137701 0.00976283 0.00583479 0.00683    0.00737738
 0.00629625]",0.012843111302815534
123,0.002700744459389099,"[0.00360878 0.00317193 0.00388693 0.00147204 0.00249728 0.00219724
 0.0019416 ]",0.003886934157257765
124,0.00034299335918415723,"[0.0019785  0.00078281 0.00124285 0.0016224  0.0014317  0.00116594
 0.00124432]",0.0019784955002335623
125,0.0010076564040243977,"[0.00136698 0.00127241 0.00094663 0.00131702 0.00105429 0.00142972
 0.00080749]",0.0014297191421383626
126,0.0008457991431044345,"[0.00228546 0.00118704 0.00115777 0.00106041 0.00151736 0.00075849
 0.00093702]",0.002285463031825595
127,0.0003629115069885933,"[0.00179904 0.00231506 0.0011873  0.00090752 0.00054078 0.00111357
 0.00113444]",0.0023150587088444953
128,0.0,[0. 0. 0. 0. 0. 0. 0.],0.0
129,0.0007994134754692474,"[0.00274437 0.001332   0.00185209 0.00153581 0.00144372 0.0012099
 0.00104973]",0.0027443668133741187
130,0.0,"[0.00047266 0.         0.         0.         0.         0.
 0.        ]",0.0004726554501993757
131,0.0028352287777571403,"[0.00326915 0.00282325 0.00226693 0.00302296 0.00176557 0.00157036
 0.00260031]",0.00326914507536903
132,0.019065467827778685,"[0.01799471 0.01877181 0.01321375 0.01741191 0.01419814 0.02316264
 0.0095119 ]",0.023162640965743435
133,0.014800257398019127,"[0.01061595 0.00734631 0.00899735 0.0092582  0.0127864  0.01023533
 0.01168366]",0.012786401506759627
134,0.023308929891747782,"[0.02343486 0.0209607  0.01958962 0.02526465 0.02107762 0.01743893
 0.01796306]",0.025264650252496128
135,0.0009490805910216201,"[0.00347883 0.00219704 0.00146527 0.00146035 0.00101106 0.0016502
 0.00120803]",0.003478834643410161
136,0.0,[0. 0. 0. 0. 0. 0. 0.],0.0
137,0.0009739275746352759,"[0.0020738  0.00203871 0.00176758 0.00177954 0.0009167  0.00082349
 0.00140686]",0.0020738021977892746
138,0.09034171340500678,"[0.11709957 0.11896462 0.19297802 0.11666508 0.15293855 0.17782675
 0.14391172]",0.19297802057591126
139,0.003833386956146717,"[0.01154822 0.00513083 0.01006786 0.00612108 0.00863538 0.00608754
 0.00658942]",0.011548219130210735
140,0.0,[0. 0. 0. 0. 0. 0. 0.],0.0
141,0.01015749000366745,"[0.00503953 0.00796819 0.00917208 0.01154701 0.00908514 0.00590937
 0.00678467]",0.011547005383792448
142,0.009806032157129928,"[0.0112783  0.01814341 0.02403809 0.02927961 0.00958064 0.01764977
 0.00862989]",0.029279612360821976
143,0.0003458598670256811,"[0.00146181 0.00053936 0.00066203 0.00077717 0.0004013  0.00035242
 0.00025448]",0.0014618139416492089
144,0.0,"[0.00075196 0.         0.         0.         0.         0.
 0.        ]",0.0007519646226058735
145,0.002993588651747768,"[0.00366333 0.00498072 0.00357602 0.00214772 0.00233517 0.00280709
 0.00363379]",0.00498072140500607
146,0.22360454404829883,"[0.1177475  0.20045627 0.15054957 0.19863392 0.16240982 0.12747292
 0.25685113]",0.2568511263543997
147,0.002868966961917058,"[0.00395874 0.00577508 0.00696684 0.00460534 0.00635546 0.00385866
 0.00209585]",0.006966844951011065
148,0.017878862442063326,"[0.03063896 0.01473509 0.03277558 0.02944516 0.03079758 0.02527561
 0.0164009 ]",0.03277558024379526
149,0.000986843613477011,"[0.0023848  0.0011288  0.00123316 0.00135581 0.00114004 0.00163244
 0.00078356]",0.002384797419102672
150,0.00391384335931702,"[0.01119033 0.0101095  0.00598769 0.00503249 0.01246496 0.00572426
 0.00907525]",0.012464955828623019
151,0.00011361310007183508,"[0.00052345 0.00058259 0.00050417 0.00023566 0.00012884 0.00013143
 0.00013569]",0.0005825900025842392
152,0.15610068081463851,"[0.10856518 0.1289232  0.1574129  0.16552478 0.14658966 0.21267609
 0.2148229 ]",0.21482289805089247
153,0.004436211919022353,"[0.01106364 0.01017502 0.00695857 0.00979032 0.00895974 0.00760525
 0.00368664]",0.011063639717991748
154,0.014844095346859855,"[0.02525412 0.01167068 0.00654783 0.01824468 0.01394934 0.01129801
 0.01086366]",0.025254124509907376
155,0.012797536469279525,"[0.01357971 0.03077559 0.01823892 0.00878999 0.00740731 0.00550861
 0.00823741]",0.030775592395623972
156,0.004862685912714737,"[0.01118104 0.02265687 0.00834831 0.01429659 0.01207223 0.00935179
 0.00761372]",0.022656865878328596
157,0.0006810694205112496,"[0.00187656 0.00121043 0.00107863 0.00084279 0.00117194 0.00083852
 0.00078783]",0.0018765626292738871
158,0.026811938409407127,"[0.01874076 0.03163021 0.0207038  0.0175722  0.01952415 0.01431626
 0.02247959]",0.03163021189878287
159,0.0011022783043848404,"[0.00804446 0.00304782 0.0023768  0.00157856 0.0014023  0.00127503
 0.00106704]",0.008044464526853838
160,0.0,[0. 0. 0. 0. 0. 0. 0.],0.0
161,0.008050873264277624,"[0.00716807 0.0130002  0.00904917 0.0081081  0.01345295 0.00991422
 0.00712751]",0.013452952764922607
162,0.0,"[0.00573619 0.         0.         0.         0.         0.
 0.        ]",0.005736190041349413
163,0.0008063242090863465,"[0.04980292 0.04425158 0.01851789 0.00667388 0.002401   0.00156858
 0.        ]",0.049802918748533376
164,0.011055415967851312,"[0.01247219 0.02246691 0.02757385 0.01573592 0.01112697 0.01374369
 0.01671422]",0.02757385465105415
165,0.009533939874144895,"[0.0226889  0.02205816 0.01628308 0.01010059 0.01196319 0.01085049
 0.01440219]",0.022688904427648895
166,0.014465017187069714,"[0.02885508 0.01770931 0.00904682 0.01719892 0.01670517 0.00969585
 0.01157984]",0.028855082411117484
167,0.0,"[0.02169927 0.01322661 0.00292874 0.00014363 0.00060978 0.00055081
 0.        ]",0.021699265878884884
168,0.0,"[2.393775e-05 0.000000e+00 0.000000e+00 0.000000e+00 0.000000e+00
 0.000000e+00 0.000000e+00]",2.3937749957251063e-05
169,0.003919300026587975,"[0.10893988 0.05532362 0.03610734 0.04227015 0.01900581 0.03171989
 0.00807124]",0.10893987899987743
170,0.1968523835182734,"[0.15066047 0.13246222 0.10369315 0.1836558  0.14167353 0.23884217
 0.19623683]",0.23884217435867763
171,0.0,[0.0001789 0.        0.        0.        0.        0.        0.       ],0.0001789031838910313
172,0.01666666666666668,"[0.0180827  0.01284832 0.01515321 0.00796819 0.01061595 0.01877181
 0.01511858]",0.018771812708978142
173,0.016094483428348863,"[0.06840919 0.05762604 0.0333304  0.0177776  0.01581355 0.02076938
 0.02200414]",0.06840918623916503
174,0.16058695086245825,"[0.13018036 0.16482529 0.13661792 0.05608839 0.15468967 0.11137841
 0.16417303]",0.16482529340014665
175,0.0,[0.0004523 0.        0.        0.        0.        0.        0.       ],0.000452297486034401
176,0.0,"[0.00267956 0.         0.         0.         0.         0.
 0.        ]",0.0026795569403961906
177,7.559289460150142e-06,"[0.05622311 0.02225326 0.00708037 0.00247423 0.00504316 0.00516726
 0.00026835]",0.05622311394141956
178,0.29713841043986583,"[0.14993189 0.15741679 0.17679594 0.28146889 0.25273549 0.28161181
 0.35650874]",0.3565087370509323
179,0.0,"[0.00225348 0.00117673 0.         0.         0.         0.
 0.        ]",0.0022534809052832676
180,0.013511318770595082,"[0.01717124 0.01251968 0.01517588 0.0120929  0.0138002  0.0071275
 0.01042218]",0.017171242016259407
181,0.0,"[0.02688519 0.00571529 0.0011751  0.00145084 0.         0.00062364
 0.        ]",0.026885192950767536
182,0.1637977759844752,"[0.09064755 0.15214965 0.16798208 0.13168602 0.217855   0.29034289
 0.09379302]",0.290342892923916
183,0.0,[0.0002608 0.        0.        0.        0.        0.        0.       ],0.0002607954863763968
184,0.1428599153072243,"[0.15592303 0.15142879 0.08622721 0.12963069 0.17729279 0.1086618
 0.22368621]",0.22368620645257248
185,0.0,"[0.00010457 0.         0.         0.         0.         0.
 0.        ]",0.0001045701708658579
186,0.0,"[0.00313534 0.00054301 0.         0.         0.         0.
 0.        ]",0.0031353423144166287
187,0.0,[0. 0. 0. 0. 0. 0. 0.],0.0
188,0.07207803882565325,"[0.1117608  0.12023959 0.15378687 0.14566367 0.13822144 0.17332065
 0.19637567]",0.19637566890149077
189,0.0,[0. 0. 0. 0. 0. 0. 0.],0.0
190,0.0,"[0.00015623 0.         0.         0.         0.         0.
 0.        ]",0.000156225315510455
191,0.0,[0. 0. 0. 0. 0. 0. 0.],0.0
192,0.0,[0. 0. 0. 0. 0. 0. 0.],0.0
193,0.0005026690665598995,"[0.00381687 0.00101851 0.00083657 0.00100345 0.00065975 0.00104646
 0.00065476]",0.00381687044579719
194,0.13950643734933796,"[0.09148003 0.12122444 0.13511105 0.1371964  0.17105604 0.16145709
 0.1798598 ]",0.1798598028800863
195,0.0034753357722900106,"[0.01295498 0.00941751 0.00953323 0.00618011 0.00762979 0.00644899
 0.00440947]",0.012954981759190264
196,0.0,[0. 0. 0. 0. 0. 0. 0.],0.0
197,0.007453559924999347,"[0.00356416 0.00899735 0.00563436 0.01098339 0.00806718 0.00942809
 0.00863731]",0.01098339294730552
198,0.00907465824272309,"[0.01859096 0.01061947 0.01379303 0.0213679  0.0116367  0.00832748
 0.01144305]",0.021367898486147043
199,0.0008485982840066941,"[0.00173715 0.00127072 0.00141031 0.00079967 0.00098527 0.00084954
 0.00102834]",0.0017371546704903504
200,0.0,[0. 0. 0. 0. 0. 0. 0.],0.0
201,0.01238568605478191,"[0.01808744 0.01938332 0.01608572 0.01203693 0.01340911 0.01015877
 0.02762789]",0.02762789256564906
202,0.016426846010152825,"[0.00780682 0.01727463 0.00503953 0.01351072 0.01927248 0.01112697
 0.01195229]",0.019272482233188552
203,0.013627702877384996,"[0.01745743 0.01750283 0.00983999 0.00806718 0.00629941 0.01168366
 0.0140859 ]",0.017502834237608733
204,0.0,[0. 0. 0. 0. 0. 0. 0.],0.0
205,0.004178554470186847,"[0.01105542 0.01553286 0.00734631 0.02383808 0.02267787 0.01253566
 0.01119807]",0.02383807811577852
206,0.0,[0. 0. 0. 0. 0. 0. 0.],0.0
207,0.026517439604430114,"[0.02566574 0.02839629 0.04921608 0.02609506 0.02054805 0.01532712
 0.03357058]",0.04921607686744458
208,0.21568519658381013,"[0.13283233 0.13948117 0.14740815 0.1553959  0.16801532 0.23514694
 0.20578797]",0.23514693644410428
209,0.004496267764437959,"[0.00582668 0.00599036 0.00762079 0.00907972 0.00260809 0.00647912
 0.00296765]",0.0090797164489675
210,0.009392733344588254,"[0.02014498 0.02137158 0.01195691 0.01282558 0.00769288 0.01371417
 0.00989078]",0.02137158412323498
211,0.013091280388954367,"[0.01745961 0.01542799 0.00945974 0.01370917 0.01813833 0.01613082
 0.00843407]",0.01813832839990663
212,0.008361317014814263,"[0.01716253 0.01596372 0.01790384 0.00788059 0.01073644 0.00703457
 0.01062134]",0.017903836690887465
213,0.0003271425105702839,"[0.00080359 0.00082849 0.00023825 0.00048264 0.00033609 0.00027015
 0.00030733]",0.0008284859014424452
214,0.0300053784332182,"[0.01873421 0.01415325 0.01633115 0.01815037 0.02492443 0.03426894
 0.02072975]",0.034268937436341296
215,0.0010317445543335472,"[0.0079114  0.00336365 0.00273876 0.00225803 0.00138002 0.00132209
 0.00099823]",0.007911396240625937
216,0.009839989676081759,"[0.00956419 0.00835711 0.01234427 0.01247219 0.01414214 0.00934353
 0.01972027]",0.019720265943665296
217,0.008544932592822001,"[0.01745743 0.01105542 0.01133893 0.01098339 0.01098339 0.0118857
 0.01161553]",0.017457431218879334
218,0.009428090415820583,"[0.01608509 0.01297127 0.02828427 0.01898203 0.02126925 0.01613436
 0.02023669]",0.028284271247461926
219,0.011547005383792667,"[0.01195229 0.01980059 0.02074027 0.01632993 0.02260777 0.01208436
 0.01126872]",0.022607766610417548
220,0.0,[0. 0. 0. 0. 0. 0. 0.],0.0
221,0.013569339855976114,"[0.0136277  0.01126872 0.00786796 0.00983999 0.01628126 0.01419814
 0.00881917]",0.01628125809264646
222,0.012149857925879182,"[0.02615582 0.01704336 0.01069045 0.02130653 0.01076443 0.01910705
 0.01722862]",0.02615582122830393
223,0.026186146828318848,"[0.03194738 0.0417095  0.02794553 0.01485378 0.0267558  0.03978115
 0.04429339]",0.044293394111365555
224,0.0,[0. 0. 0. 0. 0. 0. 0.],0.0
225,0.004927758916232432,"[0.05518558 0.05744641 0.04678699 0.02893028 0.01617394 0.00629398
 0.00945794]",0.057446410210140596
226,0.20135286107994438,"[0.09838207 0.13678757 0.1828424  0.19353707 0.16790851 0.23339444
 0.25466355]",0.2546635495757877
227,0.0,"[0.00069419 0.         0.         0.         0.         0.
 0.        ]",0.0006941947487602966
228,0.00854493259282211,"[0.01182048 0.01046536 0.00666667 0.01713624 0.0156854  0.01333333
 0.01133893]",0.01713624210994912
229,0.009431761521414023,"[0.05504509 0.04559067 0.04230568 0.03259565 0.02988922 0.02568302
 0.01021565]",0.05504509255406617
230,0.1841630233080687,"[0.0752474  0.12436076 0.18712454 0.1027682  0.09022182 0.14441231
 0.13487565]",0.1871245449782934
231,0.0,[0. 0. 0. 0. 0. 0. 0.],0.0
232,0.019436506316151198,"[0.01309307 0.01777282 0.02100642 0.01458418 0.01939563 0.03057647
 0.01868706]",0.030576471917483073
233,0.023904572186687657,"[0.02894987 0.01935467 0.01671422 0.0421637  0.01154701 0.0255728
 0.02      ]",0.042163702135578164
234,0.0,"[1.44722795e-02 3.27569210e-05 0.00000000e+00 0.00000000e+00
 0.00000000e+00 0.00000000e+00 0.00000000e+00]",0.01447227946855206
235,0.0,[0. 0. 0. 0. 0. 0. 0.],0.0
236,0.0,[0. 0. 0. 0. 0. 0. 0.],0.0
237,0.019999999999999976,"[0.01632993 0.02323107 0.01652319 0.01154701 0.01309307 0.01284832
 0.01007905]",0.023231068414572405
238,0.0,[0. 0. 0. 0. 0. 0. 0.],0.0
239,0.0,[0. 0. 0. 0. 0. 0. 0.],0.0
240,0.293977356675808,"[0.1028753  0.18486915 0.17786495 0.17492629 0.28509827 0.13435483
 0.08996922]",0.2850982706210459
241,0.0,"[0.00070679 0.         0.         0.         0.         0.
 0.        ]",0.0007067935645272694
242,0.0,"[0.00035869 0.         0.         0.         0.         0.
 0.        ]",0.00035869251101788987
243,0.0,[0. 0. 0. 0. 0. 0. 0.],0.0
244,0.18964876369183448,"[0.09078016 0.09967029 0.11755648 0.15026325 0.17735976 0.19457112
 0.14252121]",0.19457111856022666
245,0.0,[0. 0. 0. 0. 0. 0. 0.],0.0
246,0.0,"[8.81917104e-06 0.00000000e+00 0.00000000e+00 0.00000000e+00
 0.00000000e+00 0.00000000e+00 0.00000000e+00]",8.819171036855819e-06
247,0.0,[0. 0. 0. 0. 0. 0. 0.],0.0
248,0.0,"[0.00045734 0.         0.         0.         0.         0.
 0.        ]",0.0004573370123411817
249,0.0,[0. 0. 0. 0. 0. 0. 0.],0.0
250,0.0,[0. 0. 0. 0. 0. 0. 0.],0.0
251,0.0,[0. 0. 0. 0. 0. 0. 0.],0.0
252,0.0,[0. 0. 0. 0. 0. 0. 0.],0.0
253,0.0,[0. 0. 0. 0. 0. 0. 0.],0.0
254,0.0,[0. 0. 0. 0. 0. 0. 0.],0.0
255,0.0,[0. 0. 0. 0. 0. 0. 0.],0.0
